No training samples,Model,Mean F1 score,Error
4,SOA2,0.8057663296731693,0.000609379311127761
8,SOA2,0.848912592622457,0.0006729013406512506
16,SOA2,0.8919009124464008,0.0001227486831580548
32,SOA2,0.9450437967884525,3.613578321077301e-05
64,SOA2,0.943030506209056,0.00017542873081573496
90,SOA2,0.9695072969577604,0.00015416429844930448
